Entity,Code,Date,"Excess mortality P-scores, all ages"
Austria,AUT,2020-01-05,-10.83
Austria,AUT,2020-01-12,-8.35
Austria,AUT,2020-01-19,0.59
Austria,AUT,2020-01-26,1.83
Austria,AUT,2020-02-02,7.06
Austria,AUT,2020-02-09,-8.43
Austria,AUT,2020-02-16,-5.06
Austria,AUT,2020-02-23,-5.65
Austria,AUT,2020-03-01,-2.62
Austria,AUT,2020-03-08,-0.55
Austria,AUT,2020-03-15,0.39
Austria,AUT,2020-03-22,14.89
Austria,AUT,2020-03-29,7.24
Austria,AUT,2020-04-05,15.3
Austria,AUT,2020-04-12,15.96
Austria,AUT,2020-04-19,11.86
Austria,AUT,2020-04-26,8.01
Austria,AUT,2020-05-03,1.05
Austria,AUT,2020-05-10,5.6
Austria,AUT,2020-05-17,1.78
Austria,AUT,2020-05-24,4.18
Austria,AUT,2020-05-31,0.25
Austria,AUT,2020-06-07,5.49
Austria,AUT,2020-06-14,1.22
Austria,AUT,2020-06-21,0.38
Austria,AUT,2020-06-28,2.66
Austria,AUT,2020-07-05,8.77
Austria,AUT,2020-07-12,0.41
Austria,AUT,2020-07-19,-1.82
Austria,AUT,2020-07-26,-2.47
Austria,AUT,2020-08-02,1.48
Austria,AUT,2020-08-09,0.48
Austria,AUT,2020-08-16,10.02
Austria,AUT,2020-08-23,3.01
Austria,AUT,2020-08-30,5.06
Austria,AUT,2020-09-06,10.59
Austria,AUT,2020-09-13,10.05
Austria,AUT,2020-09-20,10.26
Austria,AUT,2020-09-27,4.1
Austria,AUT,2020-10-04,5.01
Austria,AUT,2020-10-11,6.91
Austria,AUT,2020-10-18,7.49
Austria,AUT,2020-10-25,17.89
Austria,AUT,2020-11-01,25.31
Austria,AUT,2020-11-08,32.9
Austria,AUT,2020-11-15,47.19
Austria,AUT,2020-11-22,56.83
Austria,AUT,2020-11-29,57.87
Austria,AUT,2020-12-06,58.89
Austria,AUT,2020-12-13,53.97
Austria,AUT,2020-12-20,36.67
Austria,AUT,2020-12-27,21.95
Austria,AUT,2021-01-03,15.09
Austria,AUT,2021-01-10,7.46
Austria,AUT,2021-01-17,4.52
Belgium,BEL,2020-01-05,-6.17
Belgium,BEL,2020-01-12,-0.97
Belgium,BEL,2020-01-19,-4
Belgium,BEL,2020-01-26,-8.64
Belgium,BEL,2020-02-02,-5.46
Belgium,BEL,2020-02-09,-12.43
Belgium,BEL,2020-02-16,-8.03
Belgium,BEL,2020-02-23,-6.95
Belgium,BEL,2020-03-01,-11.27
Belgium,BEL,2020-03-08,-9.41
Belgium,BEL,2020-03-15,-3.86
Belgium,BEL,2020-03-22,10.8
Belgium,BEL,2020-03-29,44.42
Belgium,BEL,2020-04-05,90.79
Belgium,BEL,2020-04-12,105.61
Belgium,BEL,2020-04-19,81.39
Belgium,BEL,2020-04-26,50.38
Belgium,BEL,2020-05-03,20.86
Belgium,BEL,2020-05-10,18.07
Belgium,BEL,2020-05-17,3.32
Belgium,BEL,2020-05-24,5.93
Belgium,BEL,2020-05-31,3.09
Belgium,BEL,2020-06-07,-3.51
Belgium,BEL,2020-06-14,2.39
Belgium,BEL,2020-06-21,-5.13
Belgium,BEL,2020-06-28,3.9
Belgium,BEL,2020-07-05,-12.42
Belgium,BEL,2020-07-12,-8.91
Belgium,BEL,2020-07-19,-2.25
Belgium,BEL,2020-07-26,-8.91
Belgium,BEL,2020-08-02,3.85
Belgium,BEL,2020-08-09,9.1
Belgium,BEL,2020-08-16,55.51
Belgium,BEL,2020-08-23,16.89
Belgium,BEL,2020-08-30,-1.57
Belgium,BEL,2020-09-06,2.98
Belgium,BEL,2020-09-13,-2.27
Belgium,BEL,2020-09-20,6.76
Belgium,BEL,2020-09-27,1.02
Belgium,BEL,2020-10-04,-2.18
Belgium,BEL,2020-10-11,2.33
Belgium,BEL,2020-10-18,7.53
Belgium,BEL,2020-10-25,31.64
Belgium,BEL,2020-11-01,65.83
Belgium,BEL,2020-11-08,84.04
Belgium,BEL,2020-11-15,68.15
Belgium,BEL,2020-11-22,50.99
Belgium,BEL,2020-11-29,37.25
Belgium,BEL,2020-12-06,24.36
Belgium,BEL,2020-12-13,24.94
Belgium,BEL,2020-12-20,20.77
Belgium,BEL,2020-12-27,16.14
Belgium,BEL,2021-01-03,8.24
Belgium,BEL,2021-01-10,1.36
Bulgaria,BGR,2020-01-05,-18.36
Bulgaria,BGR,2020-01-12,-11.59
Bulgaria,BGR,2020-01-19,-13.51
Bulgaria,BGR,2020-01-26,-4.55
Bulgaria,BGR,2020-02-02,-1.09
Bulgaria,BGR,2020-02-09,1.48
Bulgaria,BGR,2020-02-16,0.41
Bulgaria,BGR,2020-02-23,-5.58
Bulgaria,BGR,2020-03-01,-4.4
Bulgaria,BGR,2020-03-08,-9.82
Bulgaria,BGR,2020-03-15,-5.85
Bulgaria,BGR,2020-03-22,-5.78
Bulgaria,BGR,2020-03-29,-2.98
Bulgaria,BGR,2020-04-05,-4.52
Bulgaria,BGR,2020-04-12,-2.44
Bulgaria,BGR,2020-04-19,-2.04
Bulgaria,BGR,2020-04-26,-3.6
Bulgaria,BGR,2020-05-03,-6.06
Bulgaria,BGR,2020-05-10,-5.88
Bulgaria,BGR,2020-05-17,5.81
Bulgaria,BGR,2020-05-24,-3.96
Bulgaria,BGR,2020-05-31,-7.97
Bulgaria,BGR,2020-06-07,-0.13
Bulgaria,BGR,2020-06-14,0.38
Bulgaria,BGR,2020-06-21,-1.94
Bulgaria,BGR,2020-06-28,-3
Bulgaria,BGR,2020-07-05,12.49
Bulgaria,BGR,2020-07-12,5.16
Bulgaria,BGR,2020-07-19,-1.55
Bulgaria,BGR,2020-07-26,0.36
Bulgaria,BGR,2020-08-02,9.96
Bulgaria,BGR,2020-08-09,6.38
Bulgaria,BGR,2020-08-16,6.01
Bulgaria,BGR,2020-08-23,4.09
Bulgaria,BGR,2020-08-30,6.21
Bulgaria,BGR,2020-09-06,7.11
Bulgaria,BGR,2020-09-13,5.1
Bulgaria,BGR,2020-09-20,1.63
Bulgaria,BGR,2020-09-27,2.03
Bulgaria,BGR,2020-10-04,2
Bulgaria,BGR,2020-10-11,4.55
Bulgaria,BGR,2020-10-18,4.53
Bulgaria,BGR,2020-10-25,14.95
Bulgaria,BGR,2020-11-01,30.52
Bulgaria,BGR,2020-11-08,53.26
Bulgaria,BGR,2020-11-15,84.58
Bulgaria,BGR,2020-11-22,110.12
Bulgaria,BGR,2020-11-29,123.93
Bulgaria,BGR,2020-12-06,117.92
Bulgaria,BGR,2020-12-13,97.38
Bulgaria,BGR,2020-12-20,75.41
Bulgaria,BGR,2020-12-27,35.87
Bulgaria,BGR,2021-01-03,22.72
Bulgaria,BGR,2021-01-10,-1.84
Bulgaria,BGR,2021-01-17,-6.97
Canada,CAN,2020-01-05,1.53
Canada,CAN,2020-01-12,1.46
Canada,CAN,2020-01-19,1.03
Canada,CAN,2020-01-26,3.44
Canada,CAN,2020-02-02,0.42
Canada,CAN,2020-02-09,1.81
Canada,CAN,2020-02-16,-1.13
Canada,CAN,2020-02-23,-1.21
Canada,CAN,2020-03-01,1.63
Canada,CAN,2020-03-08,2.14
Canada,CAN,2020-03-15,1.9
Canada,CAN,2020-03-22,5.85
Canada,CAN,2020-03-29,7.34
Canada,CAN,2020-04-05,16.18
Canada,CAN,2020-04-12,21.62
Canada,CAN,2020-04-19,23.58
Canada,CAN,2020-04-26,29.83
Canada,CAN,2020-05-03,28.43
Canada,CAN,2020-05-10,22.75
Canada,CAN,2020-05-17,19.16
Canada,CAN,2020-05-24,15.87
Canada,CAN,2020-05-31,17.48
Canada,CAN,2020-06-07,11.28
Canada,CAN,2020-06-14,4.9
Canada,CAN,2020-06-21,7.88
Canada,CAN,2020-06-28,7.79
Canada,CAN,2020-07-05,4.69
Canada,CAN,2020-07-12,9.14
Canada,CAN,2020-07-19,8.6
Canada,CAN,2020-07-26,7.3
Canada,CAN,2020-08-02,8.77
Canada,CAN,2020-08-09,6.83
Canada,CAN,2020-08-16,11.43
Canada,CAN,2020-08-23,11.12
Canada,CAN,2020-08-30,6.17
Canada,CAN,2020-09-06,10.23
Canada,CAN,2020-09-13,8.06
Canada,CAN,2020-09-20,10.3
Canada,CAN,2020-09-27,12.72
Canada,CAN,2020-10-04,8.78
Canada,CAN,2020-10-11,10.83
Canada,CAN,2020-10-18,2.48
Chile,CHL,2020-01-05,7.57
Chile,CHL,2020-01-12,11.54
Chile,CHL,2020-01-19,8.65
Chile,CHL,2020-01-26,2.66
Chile,CHL,2020-02-02,2.89
Chile,CHL,2020-02-09,8.43
Chile,CHL,2020-02-16,4.08
Chile,CHL,2020-02-23,0.98
Chile,CHL,2020-03-01,5.69
Chile,CHL,2020-03-08,5.35
Chile,CHL,2020-03-15,7.27
Chile,CHL,2020-03-22,11.17
Chile,CHL,2020-03-29,8.84
Chile,CHL,2020-04-05,10.26
Chile,CHL,2020-04-12,3
Chile,CHL,2020-04-19,9.27
Chile,CHL,2020-04-26,5.57
Chile,CHL,2020-05-03,5.23
Chile,CHL,2020-05-10,19.75
Chile,CHL,2020-05-17,19.51
Chile,CHL,2020-05-24,34.7
Chile,CHL,2020-05-31,53.65
Chile,CHL,2020-06-07,68.71
Chile,CHL,2020-06-14,64.87
Chile,CHL,2020-06-21,53.78
Chile,CHL,2020-06-28,44.15
Chile,CHL,2020-07-05,28.49
Chile,CHL,2020-07-12,25.67
Chile,CHL,2020-07-19,16.05
Chile,CHL,2020-07-26,13.8
Chile,CHL,2020-08-02,13.18
Chile,CHL,2020-08-09,10.46
Chile,CHL,2020-08-16,8.29
Chile,CHL,2020-08-23,16.68
Chile,CHL,2020-08-30,15.03
Chile,CHL,2020-09-06,8.12
Chile,CHL,2020-09-13,11.58
Chile,CHL,2020-09-20,8.43
Chile,CHL,2020-09-27,11.36
Chile,CHL,2020-10-04,12.93
Chile,CHL,2020-10-11,19.46
Chile,CHL,2020-10-18,16.46
Chile,CHL,2020-10-25,17.55
Chile,CHL,2020-11-01,16.68
Chile,CHL,2020-11-08,14.98
Chile,CHL,2020-11-15,11.64
Chile,CHL,2020-11-22,12.45
Chile,CHL,2020-11-29,16.12
Chile,CHL,2020-12-06,17.19
Chile,CHL,2020-12-13,15.67
Chile,CHL,2020-12-20,14.38
Chile,CHL,2020-12-27,30.27
Chile,CHL,2021-01-03,26.16
Chile,CHL,2021-01-10,23.72
Chile,CHL,2021-01-17,23.48
Croatia,HRV,2020-01-05,-16.21
Croatia,HRV,2020-01-12,-16.16
Croatia,HRV,2020-01-19,-19.01
Croatia,HRV,2020-01-26,-8.27
Croatia,HRV,2020-02-02,-8.45
Croatia,HRV,2020-02-09,-8.81
Croatia,HRV,2020-02-16,-4.32
Croatia,HRV,2020-02-23,-6.27
Croatia,HRV,2020-03-01,-8.61
Croatia,HRV,2020-03-08,-6.4
Croatia,HRV,2020-03-15,-0.82
Croatia,HRV,2020-03-22,2.91
Croatia,HRV,2020-03-29,8.13
Croatia,HRV,2020-04-05,-3.57
Croatia,HRV,2020-04-12,0.32
Croatia,HRV,2020-04-19,1.27
Croatia,HRV,2020-04-26,-14.45
Croatia,HRV,2020-05-03,-6.25
Croatia,HRV,2020-05-10,-7.51
Croatia,HRV,2020-05-17,-3.53
Croatia,HRV,2020-05-24,-4.46
Croatia,HRV,2020-05-31,-8.72
Croatia,HRV,2020-06-07,2.46
Croatia,HRV,2020-06-14,4.17
Croatia,HRV,2020-06-21,-3.65
Croatia,HRV,2020-06-28,1.8
Croatia,HRV,2020-07-05,1.83
Croatia,HRV,2020-07-12,-3.31
Croatia,HRV,2020-07-19,-7.35
Croatia,HRV,2020-07-26,-1.24
Croatia,HRV,2020-08-02,10.26
Croatia,HRV,2020-08-09,-0.27
Croatia,HRV,2020-08-16,-1.2
Croatia,HRV,2020-08-23,1.97
Croatia,HRV,2020-08-30,6.12
Croatia,HRV,2020-09-06,5.03
Croatia,HRV,2020-09-13,11.65
Croatia,HRV,2020-09-20,4.47
Croatia,HRV,2020-09-27,1.9
Croatia,HRV,2020-10-04,10.49
Croatia,HRV,2020-10-11,-1.11
Croatia,HRV,2020-10-18,15.46
Croatia,HRV,2020-10-25,17.76
Croatia,HRV,2020-11-01,20.07
Croatia,HRV,2020-11-08,31.2
Croatia,HRV,2020-11-15,36.09
Croatia,HRV,2020-11-22,50.81
Croatia,HRV,2020-11-29,40.64
Czechia,CZE,2020-01-05,-2.55
Czechia,CZE,2020-01-12,-0.92
Czechia,CZE,2020-01-19,-6.03
Czechia,CZE,2020-01-26,-2.15
Czechia,CZE,2020-02-02,-1.52
Czechia,CZE,2020-02-09,-4.6
Czechia,CZE,2020-02-16,-4.32
Czechia,CZE,2020-02-23,-6.2
Czechia,CZE,2020-03-01,-4.41
Czechia,CZE,2020-03-08,-4.94
Czechia,CZE,2020-03-15,-1.19
Czechia,CZE,2020-03-22,2.48
Czechia,CZE,2020-03-29,4.32
Czechia,CZE,2020-04-05,7.41
Czechia,CZE,2020-04-12,5.75
Czechia,CZE,2020-04-19,2.81
Czechia,CZE,2020-04-26,-3.75
Czechia,CZE,2020-05-03,4.07
Czechia,CZE,2020-05-10,-1.28
Czechia,CZE,2020-05-17,2.34
Czechia,CZE,2020-05-24,-3.45
Czechia,CZE,2020-05-31,-5.07
Czechia,CZE,2020-06-07,9.03
Czechia,CZE,2020-06-14,1.46
Czechia,CZE,2020-06-21,3.9
Czechia,CZE,2020-06-28,6.11
Czechia,CZE,2020-07-05,6.31
Czechia,CZE,2020-07-12,0.25
Czechia,CZE,2020-07-19,-0.54
Czechia,CZE,2020-07-26,2.66
Czechia,CZE,2020-08-02,9.1
Czechia,CZE,2020-08-09,6.64
Czechia,CZE,2020-08-16,5.98
Czechia,CZE,2020-08-23,6.63
Czechia,CZE,2020-08-30,3.66
Czechia,CZE,2020-09-06,3.78
Czechia,CZE,2020-09-13,5.86
Czechia,CZE,2020-09-20,11.63
Czechia,CZE,2020-09-27,17.93
Czechia,CZE,2020-10-04,13.28
Czechia,CZE,2020-10-11,23.02
Czechia,CZE,2020-10-18,41.98
Czechia,CZE,2020-10-25,74.76
Czechia,CZE,2020-11-01,104.86
Czechia,CZE,2020-11-08,106.79
Czechia,CZE,2020-11-15,84.36
Czechia,CZE,2020-11-22,62.49
Czechia,CZE,2020-11-29,50.97
Czechia,CZE,2020-12-06,45.43
Czechia,CZE,2020-12-13,42.12
Czechia,CZE,2020-12-20,43.56
Denmark,DNK,2020-01-05,-0.39
Denmark,DNK,2020-01-12,3.14
Denmark,DNK,2020-01-19,-2.85
Denmark,DNK,2020-01-26,-6.09
Denmark,DNK,2020-02-02,-4.8
Denmark,DNK,2020-02-09,-5.25
Denmark,DNK,2020-02-16,-9.29
Denmark,DNK,2020-02-23,-10.57
Denmark,DNK,2020-03-01,-13.31
Denmark,DNK,2020-03-08,-9.29
Denmark,DNK,2020-03-15,-7.96
Denmark,DNK,2020-03-22,1.59
Denmark,DNK,2020-03-29,2.47
Denmark,DNK,2020-04-05,9.51
Denmark,DNK,2020-04-12,6.96
Denmark,DNK,2020-04-19,5.13
Denmark,DNK,2020-04-26,10.46
Denmark,DNK,2020-05-03,1.28
Denmark,DNK,2020-05-10,1.3
Denmark,DNK,2020-05-17,-2.24
Denmark,DNK,2020-05-24,2.66
Denmark,DNK,2020-05-31,-0.12
Denmark,DNK,2020-06-07,-0.97
Denmark,DNK,2020-06-14,2.67
Denmark,DNK,2020-06-21,-2.25
Denmark,DNK,2020-06-28,5.83
Denmark,DNK,2020-07-05,5.67
Denmark,DNK,2020-07-12,1.51
Denmark,DNK,2020-07-19,7.1
Denmark,DNK,2020-07-26,-3.59
Denmark,DNK,2020-08-02,1.78
Denmark,DNK,2020-08-09,0.06
Denmark,DNK,2020-08-16,5.17
Denmark,DNK,2020-08-23,2.66
Denmark,DNK,2020-08-30,1.28
Denmark,DNK,2020-09-06,4.56
Denmark,DNK,2020-09-13,3.56
Denmark,DNK,2020-09-20,12.1
Denmark,DNK,2020-09-27,-0.51
Denmark,DNK,2020-10-04,2.64
Denmark,DNK,2020-10-11,-5.42
Denmark,DNK,2020-10-18,2.56
Denmark,DNK,2020-10-25,11.3
Denmark,DNK,2020-11-01,-0.77
Denmark,DNK,2020-11-08,2.97
Denmark,DNK,2020-11-15,7.74
Denmark,DNK,2020-11-22,6.16
Denmark,DNK,2020-11-29,5.3
Denmark,DNK,2020-12-06,2.24
Denmark,DNK,2020-12-13,2.28
Denmark,DNK,2020-12-20,20.55
Denmark,DNK,2020-12-27,13.79
Denmark,DNK,2021-01-03,18.21
Denmark,DNK,2021-01-10,9.86
Denmark,DNK,2021-01-17,8.43
Denmark,DNK,2021-01-24,14.48
England & Wales,,2020-01-05,0.44
England & Wales,,2020-01-12,1.7
England & Wales,,2020-01-19,-1.68
England & Wales,,2020-01-26,-7.11
England & Wales,,2020-02-02,-4.83
England & Wales,,2020-02-09,-7.86
England & Wales,,2020-02-16,-5.82
England & Wales,,2020-02-23,-6.1
England & Wales,,2020-03-01,-3.26
England & Wales,,2020-03-08,-5.19
England & Wales,,2020-03-15,-1.66
England & Wales,,2020-03-22,0.75
England & Wales,,2020-03-29,10.08
England & Wales,,2020-04-05,59.04
England & Wales,,2020-04-12,76.05
England & Wales,,2020-04-19,113.07
England & Wales,,2020-04-26,110.37
England & Wales,,2020-05-03,80.73
England & Wales,,2020-05-10,32.22
England & Wales,,2020-05-17,43.03
England & Wales,,2020-05-24,23.65
England & Wales,,2020-05-31,20.21
England & Wales,,2020-06-07,7.37
England & Wales,,2020-06-14,5.94
England & Wales,,2020-06-21,-0.67
England & Wales,,2020-06-28,-3.38
England & Wales,,2020-07-05,-0.47
England & Wales,,2020-07-12,-6.05
England & Wales,,2020-07-19,-2.96
England & Wales,,2020-07-26,-1.77
England & Wales,,2020-08-02,-0.96
England & Wales,,2020-08-09,-1.7
England & Wales,,2020-08-16,3.36
England & Wales,,2020-08-23,5.16
England & Wales,,2020-08-30,9.62
England & Wales,,2020-09-06,-15.71
England & Wales,,2020-09-13,5.42
England & Wales,,2020-09-20,2.78
England & Wales,,2020-09-27,2.76
England & Wales,,2020-10-04,4.08
England & Wales,,2020-10-11,1.46
England & Wales,,2020-10-18,6.78
England & Wales,,2020-10-25,10.04
England & Wales,,2020-11-01,10.15
England & Wales,,2020-11-08,14.36
England & Wales,,2020-11-15,18.41
England & Wales,,2020-11-22,20.8
England & Wales,,2020-11-29,20.27
England & Wales,,2020-12-06,15.05
England & Wales,,2020-12-13,14.37
England & Wales,,2020-12-20,12.69
England & Wales,,2020-12-27,44.81
England & Wales,,2021-01-03,26.57
England & Wales,,2021-01-10,45.51
England & Wales,,2021-01-17,30.53
Estonia,EST,2020-01-05,-13.9
Estonia,EST,2020-01-12,-4
Estonia,EST,2020-01-19,-4.47
Estonia,EST,2020-01-26,-10.61
Estonia,EST,2020-02-02,-9.01
Estonia,EST,2020-02-09,-19.01
Estonia,EST,2020-02-16,0.12
Estonia,EST,2020-02-23,-1.36
Estonia,EST,2020-03-01,-5.82
Estonia,EST,2020-03-08,-12.38
Estonia,EST,2020-03-15,5.38
Estonia,EST,2020-03-22,0.06
Estonia,EST,2020-03-29,3.54
Estonia,EST,2020-04-05,4.28
Estonia,EST,2020-04-12,3.95
Estonia,EST,2020-04-19,4.54
Estonia,EST,2020-04-26,14.31
Estonia,EST,2020-05-03,6.43
Estonia,EST,2020-05-10,9.87
Estonia,EST,2020-05-17,-4.65
Estonia,EST,2020-05-24,-3
Estonia,EST,2020-05-31,10.42
Estonia,EST,2020-06-07,-2.72
Estonia,EST,2020-06-14,3.79
Estonia,EST,2020-06-21,1.84
Estonia,EST,2020-06-28,11.49
Estonia,EST,2020-07-05,3.36
Estonia,EST,2020-07-12,3.99
Estonia,EST,2020-07-19,4.81
Estonia,EST,2020-07-26,5.84
Estonia,EST,2020-08-02,14.18
Estonia,EST,2020-08-09,3.42
Estonia,EST,2020-08-16,6.4
Estonia,EST,2020-08-23,-0.08
Estonia,EST,2020-08-30,10.21
Estonia,EST,2020-09-06,6.09
Estonia,EST,2020-09-13,-6.09
Estonia,EST,2020-09-20,11.51
Estonia,EST,2020-09-27,15.84
Estonia,EST,2020-10-04,6
Estonia,EST,2020-10-11,-3.99
Estonia,EST,2020-10-18,6.7
Estonia,EST,2020-10-25,4.19
Estonia,EST,2020-11-01,-8.63
Estonia,EST,2020-11-08,3.29
Estonia,EST,2020-11-15,0.34
Estonia,EST,2020-11-22,13.33
Estonia,EST,2020-11-29,15.44
Estonia,EST,2020-12-06,15.12
Estonia,EST,2020-12-13,14.69
Estonia,EST,2020-12-20,9.93
Estonia,EST,2020-12-27,13.87
Estonia,EST,2021-01-03,15.46
Estonia,EST,2021-01-10,7.33
Estonia,EST,2021-01-17,10.79
Finland,FIN,2020-01-05,-10.06
Finland,FIN,2020-01-12,-9.52
Finland,FIN,2020-01-19,-9.67
Finland,FIN,2020-01-26,-7.82
Finland,FIN,2020-02-02,-5.59
Finland,FIN,2020-02-09,-0.71
Finland,FIN,2020-02-16,-0.07
Finland,FIN,2020-02-23,-0.38
Finland,FIN,2020-03-01,-6.27
Finland,FIN,2020-03-08,0.31
Finland,FIN,2020-03-15,0.2
Finland,FIN,2020-03-22,3.16
Finland,FIN,2020-03-29,4.14
Finland,FIN,2020-04-05,2.88
Finland,FIN,2020-04-12,12.66
Finland,FIN,2020-04-19,3.42
Finland,FIN,2020-04-26,12.47
Finland,FIN,2020-05-03,8.98
Finland,FIN,2020-05-10,8.33
Finland,FIN,2020-05-17,13.72
Finland,FIN,2020-05-24,-0.17
Finland,FIN,2020-05-31,4.17
Finland,FIN,2020-06-07,1.84
Finland,FIN,2020-06-14,5.58
Finland,FIN,2020-06-21,10.34
Finland,FIN,2020-06-28,7.41
Finland,FIN,2020-07-05,5.41
Finland,FIN,2020-07-12,0
Finland,FIN,2020-07-19,6.61
Finland,FIN,2020-07-26,-0.97
Finland,FIN,2020-08-02,4.62
Finland,FIN,2020-08-09,3.16
Finland,FIN,2020-08-16,2.8
Finland,FIN,2020-08-23,6.09
Finland,FIN,2020-08-30,2.6
Finland,FIN,2020-09-06,1.22
Finland,FIN,2020-09-13,16.37
Finland,FIN,2020-09-20,5.72
Finland,FIN,2020-09-27,9.71
Finland,FIN,2020-10-04,-3.88
Finland,FIN,2020-10-11,-3.79
Finland,FIN,2020-10-18,5.57
Finland,FIN,2020-10-25,3.5
Finland,FIN,2020-11-01,9.24
Finland,FIN,2020-11-08,3.11
Finland,FIN,2020-11-15,2.63
Finland,FIN,2020-11-22,8.78
Finland,FIN,2020-11-29,6.43
Finland,FIN,2020-12-06,3.78
Finland,FIN,2020-12-13,2.68
Finland,FIN,2020-12-20,0.26
Finland,FIN,2020-12-27,-19.22
France,FRA,2020-01-05,-5.33
France,FRA,2020-01-12,-2.71
France,FRA,2020-01-19,-4.66
France,FRA,2020-01-26,-5.68
France,FRA,2020-02-02,-4.12
France,FRA,2020-02-09,-5.96
France,FRA,2020-02-16,-5.89
France,FRA,2020-02-23,-8.23
France,FRA,2020-03-01,-6.81
France,FRA,2020-03-08,-3.88
France,FRA,2020-03-15,4.26
France,FRA,2020-03-22,18.66
France,FRA,2020-03-29,39.03
France,FRA,2020-04-05,65.19
France,FRA,2020-04-12,57.14
France,FRA,2020-04-19,39.57
France,FRA,2020-04-26,17.43
France,FRA,2020-05-03,4.44
France,FRA,2020-05-10,3.67
France,FRA,2020-05-17,2.07
France,FRA,2020-05-24,5.54
France,FRA,2020-05-31,1.57
France,FRA,2020-06-07,1.79
France,FRA,2020-06-14,2.62
France,FRA,2020-06-21,0.55
France,FRA,2020-06-28,6.95
France,FRA,2020-07-05,-6.84
France,FRA,2020-07-12,0.92
France,FRA,2020-07-19,-3.1
France,FRA,2020-07-26,0.96
France,FRA,2020-08-02,6.85
France,FRA,2020-08-09,4.72
France,FRA,2020-08-16,17.3
France,FRA,2020-08-23,1.76
France,FRA,2020-08-30,2.03
France,FRA,2020-09-06,5.23
France,FRA,2020-09-13,8
France,FRA,2020-09-20,10.73
France,FRA,2020-09-27,2.01
France,FRA,2020-10-04,8.65
France,FRA,2020-10-11,5.8
France,FRA,2020-10-18,10.34
France,FRA,2020-10-25,22.43
France,FRA,2020-11-01,30.53
France,FRA,2020-11-08,37.99
France,FRA,2020-11-15,36.65
France,FRA,2020-11-22,30.99
France,FRA,2020-11-29,26.84
France,FRA,2020-12-06,23.74
France,FRA,2020-12-13,20.65
France,FRA,2020-12-20,13.53
France,FRA,2020-12-27,7.98
France,FRA,2021-01-03,11.46
Germany,DEU,2020-01-05,-2.33
Germany,DEU,2020-01-12,-0.93
Germany,DEU,2020-01-19,-1.89
Germany,DEU,2020-01-26,-4.66
Germany,DEU,2020-02-02,-2.83
Germany,DEU,2020-02-09,-6.43
Germany,DEU,2020-02-16,-4.82
Germany,DEU,2020-02-23,-9.76
Germany,DEU,2020-03-01,-9.53
Germany,DEU,2020-03-08,-7.8
Germany,DEU,2020-03-15,-2.79
Germany,DEU,2020-03-22,0.9
Germany,DEU,2020-03-29,3.95
Germany,DEU,2020-04-05,11.63
Germany,DEU,2020-04-12,14.54
Germany,DEU,2020-04-19,10.99
Germany,DEU,2020-04-26,6.51
Germany,DEU,2020-05-03,5.51
Germany,DEU,2020-05-10,1.77
Germany,DEU,2020-05-17,0.65
Germany,DEU,2020-05-24,3.45
Germany,DEU,2020-05-31,-0.27
Germany,DEU,2020-06-07,4.89
Germany,DEU,2020-06-14,3.94
Germany,DEU,2020-06-21,-1
Germany,DEU,2020-06-28,4.32
Germany,DEU,2020-07-05,-0.14
Germany,DEU,2020-07-12,0.7
Germany,DEU,2020-07-19,-1.6
Germany,DEU,2020-07-26,-3.69
Germany,DEU,2020-08-02,0.33
Germany,DEU,2020-08-09,5.41
Germany,DEU,2020-08-16,20.61
Germany,DEU,2020-08-23,6.45
Germany,DEU,2020-08-30,1.04
Germany,DEU,2020-09-06,4.13
Germany,DEU,2020-09-13,4.9
Germany,DEU,2020-09-20,7.31
Germany,DEU,2020-09-27,4.54
Germany,DEU,2020-10-04,5.52
Germany,DEU,2020-10-11,0.17
Germany,DEU,2020-10-18,2.37
Germany,DEU,2020-10-25,7.9
Germany,DEU,2020-11-01,7.52
Germany,DEU,2020-11-08,7.27
Germany,DEU,2020-11-15,9.93
Germany,DEU,2020-11-22,11.33
Germany,DEU,2020-11-29,15.88
Germany,DEU,2020-12-06,19.77
Germany,DEU,2020-12-13,26.45
Germany,DEU,2020-12-20,26.26
Germany,DEU,2020-12-27,31.29
Greece,GRC,2020-01-05,-2.73
Greece,GRC,2020-01-12,-1.65
Greece,GRC,2020-01-19,0.91
Greece,GRC,2020-01-26,-0.45
Greece,GRC,2020-02-02,7.27
Greece,GRC,2020-02-09,6.34
Greece,GRC,2020-02-16,9.71
Greece,GRC,2020-02-23,-0.19
Greece,GRC,2020-03-01,2.65
Greece,GRC,2020-03-08,8.99
Greece,GRC,2020-03-15,8.26
Greece,GRC,2020-03-22,8.8
Greece,GRC,2020-03-29,5.94
Greece,GRC,2020-04-05,4.51
Greece,GRC,2020-04-12,2.13
Greece,GRC,2020-04-19,0.69
Greece,GRC,2020-04-26,-1.91
Greece,GRC,2020-05-03,1.4
Greece,GRC,2020-05-10,-1.88
Greece,GRC,2020-05-17,15.95
Greece,GRC,2020-05-24,12.63
Greece,GRC,2020-05-31,-12.06
Greece,GRC,2020-06-07,-3.48
Greece,GRC,2020-06-14,-2.22
Greece,GRC,2020-06-21,-1.34
Greece,GRC,2020-06-28,-8.3
Greece,GRC,2020-07-05,13.24
Greece,GRC,2020-07-12,2.15
Greece,GRC,2020-07-19,0.09
Greece,GRC,2020-07-26,-0.22
Greece,GRC,2020-08-02,17.39
Greece,GRC,2020-08-09,5.15
Greece,GRC,2020-08-16,4.55
Greece,GRC,2020-08-23,9.5
Greece,GRC,2020-08-30,6.6
Greece,GRC,2020-09-06,11.1
Greece,GRC,2020-09-13,10.68
Greece,GRC,2020-09-20,12.78
Greece,GRC,2020-09-27,7.71
Greece,GRC,2020-10-04,4.72
Greece,GRC,2020-10-11,3.63
Greece,GRC,2020-10-18,-0.96
Greece,GRC,2020-10-25,1.36
Greece,GRC,2020-11-01,7.89
Greece,GRC,2020-11-08,10.81
Greece,GRC,2020-11-15,22.13
Greece,GRC,2020-11-22,33.94
Greece,GRC,2020-11-29,39.38
Greece,GRC,2020-12-06,37.13
Hungary,HUN,2020-01-05,-9.58
Hungary,HUN,2020-01-12,-11.22
Hungary,HUN,2020-01-19,-11.65
Hungary,HUN,2020-01-26,-9.83
Hungary,HUN,2020-02-02,-8.38
Hungary,HUN,2020-02-09,-14.12
Hungary,HUN,2020-02-16,-7.82
Hungary,HUN,2020-02-23,-12.51
Hungary,HUN,2020-03-01,-3.86
Hungary,HUN,2020-03-08,-7.36
Hungary,HUN,2020-03-15,-4.88
Hungary,HUN,2020-03-22,6.29
Hungary,HUN,2020-03-29,-0.02
Hungary,HUN,2020-04-05,0.57
Hungary,HUN,2020-04-12,3.79
Hungary,HUN,2020-04-19,3.24
Hungary,HUN,2020-04-26,-3.32
Hungary,HUN,2020-05-03,-4.9
Hungary,HUN,2020-05-10,-1.02
Hungary,HUN,2020-05-17,3.18
Hungary,HUN,2020-05-24,-7.24
Hungary,HUN,2020-05-31,-4.14
Hungary,HUN,2020-06-07,5.96
Hungary,HUN,2020-06-14,-0.17
Hungary,HUN,2020-06-21,-7.96
Hungary,HUN,2020-06-28,3.13
Hungary,HUN,2020-07-05,4.28
Hungary,HUN,2020-07-12,-4.73
Hungary,HUN,2020-07-19,-7.38
Hungary,HUN,2020-07-26,-9.6
Hungary,HUN,2020-08-02,2.1
Hungary,HUN,2020-08-09,1.19
Hungary,HUN,2020-08-16,-1.8
Hungary,HUN,2020-08-23,1.41
Hungary,HUN,2020-08-30,-3.91
Hungary,HUN,2020-09-06,-0.16
Hungary,HUN,2020-09-13,2.58
Hungary,HUN,2020-09-20,6.69
Hungary,HUN,2020-09-27,4.4
Hungary,HUN,2020-10-04,6.48
Hungary,HUN,2020-10-11,4.36
Hungary,HUN,2020-10-18,13.02
Hungary,HUN,2020-10-25,23.11
Hungary,HUN,2020-11-01,31.8
Hungary,HUN,2020-11-08,44.99
Hungary,HUN,2020-11-15,60.34
Hungary,HUN,2020-11-22,54.12
Hungary,HUN,2020-11-29,58.47
Hungary,HUN,2020-12-06,51.39
Hungary,HUN,2020-12-13,47.11
Hungary,HUN,2020-12-20,32.65
Hungary,HUN,2020-12-27,29.84
Iceland,ISL,2020-01-05,24.45
Iceland,ISL,2020-01-12,15.06
Iceland,ISL,2020-01-19,17.12
Iceland,ISL,2020-01-26,23.32
Iceland,ISL,2020-02-02,-14.47
Iceland,ISL,2020-02-09,-1.67
Iceland,ISL,2020-02-16,3.81
Iceland,ISL,2020-02-23,3.9
Iceland,ISL,2020-03-01,-1.38
Iceland,ISL,2020-03-08,10.36
Iceland,ISL,2020-03-15,-7.08
Iceland,ISL,2020-03-22,-6.25
Iceland,ISL,2020-03-29,-11.02
Iceland,ISL,2020-04-05,15.21
Iceland,ISL,2020-04-12,10.36
Iceland,ISL,2020-04-19,23.46
Iceland,ISL,2020-04-26,-21.17
Iceland,ISL,2020-05-03,9.45
Iceland,ISL,2020-05-10,-11.06
Iceland,ISL,2020-05-17,-2.84
Iceland,ISL,2020-05-24,14.68
Iceland,ISL,2020-05-31,17.37
Iceland,ISL,2020-06-07,-24.44
Iceland,ISL,2020-06-14,-1.52
Iceland,ISL,2020-06-21,-17.11
Iceland,ISL,2020-06-28,-27.66
Iceland,ISL,2020-07-05,-18.6
Iceland,ISL,2020-07-12,20.42
Iceland,ISL,2020-07-19,7.14
Iceland,ISL,2020-07-26,-22.22
Iceland,ISL,2020-08-02,-2.78
Iceland,ISL,2020-08-09,-4.64
Iceland,ISL,2020-08-16,10.26
Iceland,ISL,2020-08-23,-22.02
Iceland,ISL,2020-08-30,-21.79
Iceland,ISL,2020-09-06,40.31
Iceland,ISL,2020-09-13,-5.66
Iceland,ISL,2020-09-20,8.17
Iceland,ISL,2020-09-27,-26
Iceland,ISL,2020-10-04,-12.74
Iceland,ISL,2020-10-11,20.28
Iceland,ISL,2020-10-18,11.37
Iceland,ISL,2020-10-25,4.35
Iceland,ISL,2020-11-01,32.85
Iceland,ISL,2020-11-08,30.21
Iceland,ISL,2020-11-15,14.89
Iceland,ISL,2020-11-22,1.81
Iceland,ISL,2020-11-29,-20.45
Iceland,ISL,2020-12-06,-6.7
Iceland,ISL,2020-12-13,9
Iceland,ISL,2020-12-20,-1.83
Iceland,ISL,2020-12-27,23.81
Iceland,ISL,2021-01-03,-28.57
Israel,ISR,2020-01-05,7.89
Israel,ISR,2020-01-12,-4.19
Israel,ISR,2020-01-19,6.37
Israel,ISR,2020-01-26,-4.56
Israel,ISR,2020-02-02,-6.14
Israel,ISR,2020-02-09,-10.27
Israel,ISR,2020-02-16,-2.39
Israel,ISR,2020-02-23,0.47
Israel,ISR,2020-03-01,-6.02
Israel,ISR,2020-03-08,-1.06
Israel,ISR,2020-03-15,4.66
Israel,ISR,2020-03-22,3.36
Israel,ISR,2020-03-29,10.35
Israel,ISR,2020-04-05,18.44
Israel,ISR,2020-04-12,4.93
Israel,ISR,2020-04-19,12.42
Israel,ISR,2020-04-26,5.61
Israel,ISR,2020-05-03,1.86
Israel,ISR,2020-05-10,4.87
Israel,ISR,2020-05-17,5.72
Israel,ISR,2020-05-24,20.31
Israel,ISR,2020-05-31,6.22
Israel,ISR,2020-06-07,4.49
Israel,ISR,2020-06-14,4.25
Israel,ISR,2020-06-21,3.69
Israel,ISR,2020-06-28,2.69
Israel,ISR,2020-07-05,1.04
Israel,ISR,2020-07-12,10.36
Israel,ISR,2020-07-19,10.27
Israel,ISR,2020-07-26,3.16
Israel,ISR,2020-08-02,22.42
Israel,ISR,2020-08-09,9.59
Israel,ISR,2020-08-16,23.01
Israel,ISR,2020-08-23,17.49
Israel,ISR,2020-08-30,15.27
Israel,ISR,2020-09-06,16.19
Israel,ISR,2020-09-13,26.21
Israel,ISR,2020-09-20,30.05
Israel,ISR,2020-09-27,31.44
Israel,ISR,2020-10-04,28.53
Israel,ISR,2020-10-11,38.97
Israel,ISR,2020-10-18,31.14
Israel,ISR,2020-10-25,27.96
Israel,ISR,2020-11-01,11.26
Israel,ISR,2020-11-08,7.77
Israel,ISR,2020-11-15,-5.05
Israel,ISR,2020-11-22,10.46
Israel,ISR,2020-11-29,2.83
Israel,ISR,2020-12-06,6
Israel,ISR,2020-12-13,1.38
Israel,ISR,2020-12-20,5.31
Israel,ISR,2020-12-27,0.9
Israel,ISR,2021-01-03,9.83
Israel,ISR,2021-01-10,7.1
Italy,ITA,2020-01-05,-14.02
Italy,ITA,2020-01-12,-11.98
Italy,ITA,2020-01-19,-10.14
Italy,ITA,2020-01-26,-7.2
Italy,ITA,2020-02-02,-7.03
Italy,ITA,2020-02-09,-6.55
Italy,ITA,2020-02-16,-4.74
Italy,ITA,2020-02-23,-5.49
Italy,ITA,2020-03-01,-1.81
Italy,ITA,2020-03-08,7.81
Italy,ITA,2020-03-15,37.44
Italy,ITA,2020-03-22,71.8
Italy,ITA,2020-03-29,84.41
Italy,ITA,2020-04-05,67.82
Italy,ITA,2020-04-12,54.82
Italy,ITA,2020-04-19,39.08
Italy,ITA,2020-04-26,24.3
Italy,ITA,2020-05-03,12.67
Italy,ITA,2020-05-10,7.93
Italy,ITA,2020-05-17,5.52
Italy,ITA,2020-05-24,-0.17
Italy,ITA,2020-05-31,-2.23
Italy,ITA,2020-06-07,-3.06
Italy,ITA,2020-06-14,-6.13
Italy,ITA,2020-06-21,-1.27
Italy,ITA,2020-06-28,6.49
Italy,ITA,2020-07-05,6.71
Italy,ITA,2020-07-12,-3.12
Italy,ITA,2020-07-19,-6.16
Italy,ITA,2020-07-26,-5.28
Italy,ITA,2020-08-02,6.71
Italy,ITA,2020-08-09,-1.56
Italy,ITA,2020-08-16,8.1
Italy,ITA,2020-08-23,7.45
Italy,ITA,2020-08-30,6.33
Italy,ITA,2020-09-06,3.54
Italy,ITA,2020-09-13,6.33
Italy,ITA,2020-09-20,6.7
Italy,ITA,2020-09-27,-0.02
Italy,ITA,2020-10-04,4.84
Italy,ITA,2020-10-11,1.91
Italy,ITA,2020-10-18,7
Italy,ITA,2020-10-25,19.7
Italy,ITA,2020-11-01,30.33
Latvia,LVA,2020-01-05,-2.45
Latvia,LVA,2020-01-12,-5.23
Latvia,LVA,2020-01-19,-14.71
Latvia,LVA,2020-01-26,-10.02
Latvia,LVA,2020-02-02,-9.18
Latvia,LVA,2020-02-09,-9.52
Latvia,LVA,2020-02-16,-10.2
Latvia,LVA,2020-02-23,-12.74
Latvia,LVA,2020-03-01,-28.96
Latvia,LVA,2020-03-08,-22.47
Latvia,LVA,2020-03-15,-13.58
Latvia,LVA,2020-03-22,-6.26
Latvia,LVA,2020-03-29,-11.24
Latvia,LVA,2020-04-05,-3.71
Latvia,LVA,2020-04-12,-14.67
Latvia,LVA,2020-04-19,3.84
Latvia,LVA,2020-04-26,-2.45
Latvia,LVA,2020-05-03,4.39
Latvia,LVA,2020-05-10,6.8
Latvia,LVA,2020-05-17,-1.85
Latvia,LVA,2020-05-24,6.7
Latvia,LVA,2020-05-31,-3.99
Latvia,LVA,2020-06-07,0.24
Latvia,LVA,2020-06-14,9.86
Latvia,LVA,2020-06-21,-5.71
Latvia,LVA,2020-06-28,-4.12
Latvia,LVA,2020-07-05,21.98
Latvia,LVA,2020-07-12,-7.77
Latvia,LVA,2020-07-19,-5.2
Latvia,LVA,2020-07-26,-0.56
Latvia,LVA,2020-08-02,0.81
Latvia,LVA,2020-08-09,-3.1
Latvia,LVA,2020-08-16,3.48
Latvia,LVA,2020-08-23,10.6
Latvia,LVA,2020-08-30,4.87
Latvia,LVA,2020-09-06,-3.57
Latvia,LVA,2020-09-13,-2.58
Latvia,LVA,2020-09-20,-1.78
Latvia,LVA,2020-09-27,-9.4
Latvia,LVA,2020-10-04,4.62
Latvia,LVA,2020-10-11,-0.46
Latvia,LVA,2020-10-18,-5.25
Latvia,LVA,2020-10-25,8.28
Latvia,LVA,2020-11-01,1.63
Latvia,LVA,2020-11-08,6.68
Latvia,LVA,2020-11-15,8.33
Latvia,LVA,2020-11-22,11.55
Latvia,LVA,2020-11-29,8.49
Latvia,LVA,2020-12-06,14.09
Latvia,LVA,2020-12-13,21.22
Latvia,LVA,2020-12-20,27.42
Latvia,LVA,2020-12-27,-7.71
Latvia,LVA,2021-01-03,34.59
Latvia,LVA,2021-01-10,65.36
Latvia,LVA,2021-01-17,35.94
Lithuania,LTU,2020-01-05,-6.37
Lithuania,LTU,2020-01-12,-8.42
Lithuania,LTU,2020-01-19,-14.46
Lithuania,LTU,2020-01-26,-13.96
Lithuania,LTU,2020-02-02,-16.41
Lithuania,LTU,2020-02-09,-15.07
Lithuania,LTU,2020-02-16,-7.67
Lithuania,LTU,2020-02-23,-21.11
Lithuania,LTU,2020-03-01,-6.78
Lithuania,LTU,2020-03-08,-8.13
Lithuania,LTU,2020-03-15,-5.66
Lithuania,LTU,2020-03-22,-0.3
Lithuania,LTU,2020-03-29,3.64
Lithuania,LTU,2020-04-05,-2.71
Lithuania,LTU,2020-04-12,1.65
Lithuania,LTU,2020-04-19,-0.28
Lithuania,LTU,2020-04-26,2.86
Lithuania,LTU,2020-05-03,2.67
Lithuania,LTU,2020-05-10,-6
Lithuania,LTU,2020-05-17,-0.57
Lithuania,LTU,2020-05-24,-7.91
Lithuania,LTU,2020-05-31,-0.72
Lithuania,LTU,2020-06-07,-1.08
Lithuania,LTU,2020-06-14,14.95
Lithuania,LTU,2020-06-21,6.92
Lithuania,LTU,2020-06-28,10.84
Lithuania,LTU,2020-07-05,-1.23
Lithuania,LTU,2020-07-12,-0.28
Lithuania,LTU,2020-07-19,7.86
Lithuania,LTU,2020-07-26,0.68
Lithuania,LTU,2020-08-02,2.38
Lithuania,LTU,2020-08-09,0.97
Lithuania,LTU,2020-08-16,6.54
Lithuania,LTU,2020-08-23,12.82
Lithuania,LTU,2020-08-30,1
Lithuania,LTU,2020-09-06,-1.86
Lithuania,LTU,2020-09-13,9.46
Lithuania,LTU,2020-09-20,2.07
Lithuania,LTU,2020-09-27,8.32
Lithuania,LTU,2020-10-04,-0.92
Lithuania,LTU,2020-10-11,5.38
Lithuania,LTU,2020-10-18,6.07
Lithuania,LTU,2020-10-25,8.35
Lithuania,LTU,2020-11-01,-2.66
Lithuania,LTU,2020-11-08,17.87
Lithuania,LTU,2020-11-15,25.97
Lithuania,LTU,2020-11-22,45.77
Lithuania,LTU,2020-11-29,45.77
Lithuania,LTU,2020-12-06,59.27
Lithuania,LTU,2020-12-13,60.85
Lithuania,LTU,2020-12-20,73.52
Lithuania,LTU,2020-12-27,67.19
Lithuania,LTU,2021-01-03,49.32
Lithuania,LTU,2021-01-10,36.62
Luxembourg,LUX,2020-01-05,-27.42
Luxembourg,LUX,2020-01-12,-8.03
Luxembourg,LUX,2020-01-19,2.97
Luxembourg,LUX,2020-01-26,-2.47
Luxembourg,LUX,2020-02-02,-9.47
Luxembourg,LUX,2020-02-09,-7.22
Luxembourg,LUX,2020-02-16,-29.01
Luxembourg,LUX,2020-02-23,-5.97
Luxembourg,LUX,2020-03-01,-15.53
Luxembourg,LUX,2020-03-08,-10.78
Luxembourg,LUX,2020-03-15,11.52
Luxembourg,LUX,2020-03-22,3.49
Luxembourg,LUX,2020-03-29,29.93
Luxembourg,LUX,2020-04-05,7.66
Luxembourg,LUX,2020-04-12,62.01
Luxembourg,LUX,2020-04-19,12.66
Luxembourg,LUX,2020-04-26,13.21
Luxembourg,LUX,2020-05-03,-3.9
Luxembourg,LUX,2020-05-10,26.42
Luxembourg,LUX,2020-05-17,7.84
Luxembourg,LUX,2020-05-24,2.09
Luxembourg,LUX,2020-05-31,14.16
Luxembourg,LUX,2020-06-07,-1.08
Luxembourg,LUX,2020-06-14,-7.51
Luxembourg,LUX,2020-06-21,17.12
Luxembourg,LUX,2020-06-28,-1.16
Luxembourg,LUX,2020-07-05,-5.59
Luxembourg,LUX,2020-07-12,-9.2
Luxembourg,LUX,2020-07-19,-0.28
Luxembourg,LUX,2020-07-26,-5.08
Luxembourg,LUX,2020-08-02,18.67
Luxembourg,LUX,2020-08-09,26.01
Luxembourg,LUX,2020-08-16,35.14
Luxembourg,LUX,2020-08-23,10.12
Luxembourg,LUX,2020-08-30,-19.74
Luxembourg,LUX,2020-09-06,13.16
Luxembourg,LUX,2020-09-13,-1.08
Luxembourg,LUX,2020-09-20,32.05
Luxembourg,LUX,2020-09-27,-8.42
Luxembourg,LUX,2020-10-04,7.51
Luxembourg,LUX,2020-10-11,-17.45
Luxembourg,LUX,2020-10-18,14.97
Luxembourg,LUX,2020-10-25,23.66
Luxembourg,LUX,2020-11-01,15.02
Luxembourg,LUX,2020-11-08,38.55
Luxembourg,LUX,2020-11-15,48.99
Luxembourg,LUX,2020-11-22,48.24
Luxembourg,LUX,2020-11-29,83.29
Luxembourg,LUX,2020-12-06,42.49
Netherlands,NLD,2020-01-05,-5.45
Netherlands,NLD,2020-01-12,0.34
Netherlands,NLD,2020-01-19,-4.01
Netherlands,NLD,2020-01-26,-8.71
Netherlands,NLD,2020-02-02,-4.45
Netherlands,NLD,2020-02-09,-2.94
Netherlands,NLD,2020-02-16,-4.05
Netherlands,NLD,2020-02-23,-12.69
Netherlands,NLD,2020-03-01,-6.4
Netherlands,NLD,2020-03-08,-6.99
Netherlands,NLD,2020-03-15,0.85
Netherlands,NLD,2020-03-22,17.83
Netherlands,NLD,2020-03-29,46.53
Netherlands,NLD,2020-04-05,74.62
Netherlands,NLD,2020-04-12,74.98
Netherlands,NLD,2020-04-19,52.09
Netherlands,NLD,2020-04-26,39.73
Netherlands,NLD,2020-05-03,23.72
Netherlands,NLD,2020-05-10,7.31
Netherlands,NLD,2020-05-17,1.92
Netherlands,NLD,2020-05-24,1.85
Netherlands,NLD,2020-05-31,0.63
Netherlands,NLD,2020-06-07,1.39
Netherlands,NLD,2020-06-14,2.33
Netherlands,NLD,2020-06-21,2.96
Netherlands,NLD,2020-06-28,-0.02
Netherlands,NLD,2020-07-05,-3.67
Netherlands,NLD,2020-07-12,-0.61
Netherlands,NLD,2020-07-19,-4.89
Netherlands,NLD,2020-07-26,-0.52
Netherlands,NLD,2020-08-02,2.65
Netherlands,NLD,2020-08-09,0.43
Netherlands,NLD,2020-08-16,24.73
Netherlands,NLD,2020-08-23,9.71
Netherlands,NLD,2020-08-30,4.99
Netherlands,NLD,2020-09-06,4.75
Netherlands,NLD,2020-09-13,3.63
Netherlands,NLD,2020-09-20,3.53
Netherlands,NLD,2020-09-27,7.29
Netherlands,NLD,2020-10-04,10.24
Netherlands,NLD,2020-10-11,7.32
Netherlands,NLD,2020-10-18,16.77
Netherlands,NLD,2020-10-25,23.13
Netherlands,NLD,2020-11-01,31.86
Netherlands,NLD,2020-11-08,26.2
Netherlands,NLD,2020-11-15,25.56
Netherlands,NLD,2020-11-22,14.66
Netherlands,NLD,2020-11-29,17.15
Netherlands,NLD,2020-12-06,18.74
Netherlands,NLD,2020-12-13,17.29
Netherlands,NLD,2020-12-20,27.24
Netherlands,NLD,2020-12-27,28.07
Netherlands,NLD,2021-01-03,35.51
Netherlands,NLD,2021-01-10,24.9
Netherlands,NLD,2021-01-17,13.61
Netherlands,NLD,2021-01-24,16.23
New Zealand,NZL,2020-01-05,3.97
New Zealand,NZL,2020-01-12,-1.19
New Zealand,NZL,2020-01-19,11.59
New Zealand,NZL,2020-01-26,4.21
New Zealand,NZL,2020-02-02,7.33
New Zealand,NZL,2020-02-09,3.7
New Zealand,NZL,2020-02-16,11.93
New Zealand,NZL,2020-02-23,9.18
New Zealand,NZL,2020-03-01,3.05
New Zealand,NZL,2020-03-08,5.96
New Zealand,NZL,2020-03-15,2.04
New Zealand,NZL,2020-03-22,6.11
New Zealand,NZL,2020-03-29,3.23
New Zealand,NZL,2020-04-05,6.22
New Zealand,NZL,2020-04-12,11.11
New Zealand,NZL,2020-04-19,7.79
New Zealand,NZL,2020-04-26,4.19
New Zealand,NZL,2020-05-03,-8.18
New Zealand,NZL,2020-05-10,-0.41
New Zealand,NZL,2020-05-17,0.75
New Zealand,NZL,2020-05-24,-4.46
New Zealand,NZL,2020-05-31,-8.82
New Zealand,NZL,2020-06-07,-6.96
New Zealand,NZL,2020-06-14,-3.54
New Zealand,NZL,2020-06-21,-6.14
New Zealand,NZL,2020-06-28,-7.99
New Zealand,NZL,2020-07-05,-9.38
New Zealand,NZL,2020-07-12,-12.48
New Zealand,NZL,2020-07-19,-3.61
New Zealand,NZL,2020-07-26,-6.36
New Zealand,NZL,2020-08-02,-7.85
New Zealand,NZL,2020-08-09,-12.64
New Zealand,NZL,2020-08-16,-11.55
New Zealand,NZL,2020-08-23,-4.57
New Zealand,NZL,2020-08-30,-12.59
New Zealand,NZL,2020-09-06,-5.01
New Zealand,NZL,2020-09-13,-8.52
New Zealand,NZL,2020-09-20,-10.35
New Zealand,NZL,2020-09-27,-5.56
New Zealand,NZL,2020-10-04,1.24
New Zealand,NZL,2020-10-11,-7.1
New Zealand,NZL,2020-10-18,0
New Zealand,NZL,2020-10-25,12.14
New Zealand,NZL,2020-11-01,-5.82
New Zealand,NZL,2020-11-08,3.08
New Zealand,NZL,2020-11-15,-0.31
New Zealand,NZL,2020-11-22,-0.07
New Zealand,NZL,2020-11-29,9.96
New Zealand,NZL,2020-12-06,11.28
New Zealand,NZL,2020-12-13,6.06
New Zealand,NZL,2020-12-20,14.53
New Zealand,NZL,2020-12-27,5.87
New Zealand,NZL,2021-01-03,12.7
New Zealand,NZL,2021-01-10,14.68
Northern Ireland,,2020-01-05,-14.11
Northern Ireland,,2020-01-12,-1.45
Northern Ireland,,2020-01-19,5.76
Northern Ireland,,2020-01-26,-8.44
Northern Ireland,,2020-02-02,-8.96
Northern Ireland,,2020-02-09,0.42
Northern Ireland,,2020-02-16,-3.35
Northern Ireland,,2020-02-23,-16.95
Northern Ireland,,2020-03-01,4.08
Northern Ireland,,2020-03-08,-9.88
Northern Ireland,,2020-03-15,3.71
Northern Ireland,,2020-03-22,-14.4
Northern Ireland,,2020-03-29,-6.76
Northern Ireland,,2020-04-05,56.68
Northern Ireland,,2020-04-12,45.19
Northern Ireland,,2020-04-19,45.7
Northern Ireland,,2020-04-26,56.98
Northern Ireland,,2020-05-03,43.38
Northern Ireland,,2020-05-10,20.95
Northern Ireland,,2020-05-17,34.88
Northern Ireland,,2020-05-24,10.85
Northern Ireland,,2020-05-31,23.05
Northern Ireland,,2020-06-07,4.25
Northern Ireland,,2020-06-14,2.89
Northern Ireland,,2020-06-21,5.53
Northern Ireland,,2020-06-28,4.31
Northern Ireland,,2020-07-05,3.66
Northern Ireland,,2020-07-12,17.82
Northern Ireland,,2020-07-19,-10.58
Northern Ireland,,2020-07-26,9.41
Northern Ireland,,2020-08-02,-1.87
Northern Ireland,,2020-08-09,8.86
Northern Ireland,,2020-08-16,5.22
Northern Ireland,,2020-08-23,14.48
Northern Ireland,,2020-08-30,22.57
Northern Ireland,,2020-09-06,-9.65
Northern Ireland,,2020-09-13,0.82
Northern Ireland,,2020-09-20,17.43
Northern Ireland,,2020-09-27,13.33
Northern Ireland,,2020-10-04,11.19
Northern Ireland,,2020-10-11,17.97
Northern Ireland,,2020-10-18,-5.63
Northern Ireland,,2020-10-25,39.44
Northern Ireland,,2020-11-01,28.22
Northern Ireland,,2020-11-08,32.28
Northern Ireland,,2020-11-15,29.63
Northern Ireland,,2020-11-22,27.58
Northern Ireland,,2020-11-29,11.9
Northern Ireland,,2020-12-06,20.34
Northern Ireland,,2020-12-13,7.65
Northern Ireland,,2020-12-20,3.67
Norway,NOR,2020-01-05,-6.43
Norway,NOR,2020-01-12,3.75
Norway,NOR,2020-01-19,-7.85
Norway,NOR,2020-01-26,-2.58
Norway,NOR,2020-02-02,-8.96
Norway,NOR,2020-02-09,-7.41
Norway,NOR,2020-02-16,-1.9
Norway,NOR,2020-02-23,-6.18
Norway,NOR,2020-03-01,-4.49
Norway,NOR,2020-03-08,-7.99
Norway,NOR,2020-03-15,-0.39
Norway,NOR,2020-03-22,-0.98
Norway,NOR,2020-03-29,9.45
Norway,NOR,2020-04-05,4.08
Norway,NOR,2020-04-12,6.92
Norway,NOR,2020-04-19,6.42
Norway,NOR,2020-04-26,-0.64
Norway,NOR,2020-05-03,1.4
Norway,NOR,2020-05-10,0.62
Norway,NOR,2020-05-17,-5.47
Norway,NOR,2020-05-24,1.48
Norway,NOR,2020-05-31,-7.23
Norway,NOR,2020-06-07,-4.93
Norway,NOR,2020-06-14,0.89
Norway,NOR,2020-06-21,2.07
Norway,NOR,2020-06-28,-6.97
Norway,NOR,2020-07-05,-6.76
Norway,NOR,2020-07-12,-7.38
Norway,NOR,2020-07-19,4.12
Norway,NOR,2020-07-26,1.05
Norway,NOR,2020-08-02,7.44
Norway,NOR,2020-08-09,2.62
Norway,NOR,2020-08-16,3.5
Norway,NOR,2020-08-23,4.02
Norway,NOR,2020-08-30,-4.96
Norway,NOR,2020-09-06,-1.91
Norway,NOR,2020-09-13,10.81
Norway,NOR,2020-09-20,7.13
Norway,NOR,2020-09-27,0.22
Norway,NOR,2020-10-04,7.64
Norway,NOR,2020-10-11,-1.12
Norway,NOR,2020-10-18,-5.1
Norway,NOR,2020-10-25,4.6
Norway,NOR,2020-11-01,4.73
Norway,NOR,2020-11-08,0.55
Norway,NOR,2020-11-15,-0.95
Norway,NOR,2020-11-22,2.18
Norway,NOR,2020-11-29,-3.6
Norway,NOR,2020-12-06,-5.48
Norway,NOR,2020-12-13,0.92
Norway,NOR,2020-12-20,-3.33
Norway,NOR,2020-12-27,-8.13
Norway,NOR,2021-01-03,-9.84
Poland,POL,2020-01-05,-0.71
Poland,POL,2020-01-12,-3.2
Poland,POL,2020-01-19,-5.66
Poland,POL,2020-01-26,-6.96
Poland,POL,2020-02-02,-3.48
Poland,POL,2020-02-09,-5.42
Poland,POL,2020-02-16,-2.89
Poland,POL,2020-02-23,-3.63
Poland,POL,2020-03-01,-3.63
Poland,POL,2020-03-08,-3.09
Poland,POL,2020-03-15,-0.04
Poland,POL,2020-03-22,0.54
Poland,POL,2020-03-29,-0.01
Poland,POL,2020-04-05,0.39
Poland,POL,2020-04-12,2.41
Poland,POL,2020-04-19,7.52
Poland,POL,2020-04-26,1.6
Poland,POL,2020-05-03,4.47
Poland,POL,2020-05-10,4.02
Poland,POL,2020-05-17,5.44
Poland,POL,2020-05-24,3.81
Poland,POL,2020-05-31,5.42
Poland,POL,2020-06-07,8.32
Poland,POL,2020-06-14,7.54
Poland,POL,2020-06-21,3.24
Poland,POL,2020-06-28,5.22
Poland,POL,2020-07-05,9.07
Poland,POL,2020-07-12,4.42
Poland,POL,2020-07-19,6.2
Poland,POL,2020-07-26,3.29
Poland,POL,2020-08-02,7.99
Poland,POL,2020-08-09,10.86
Poland,POL,2020-08-16,15.12
Poland,POL,2020-08-23,16
Poland,POL,2020-08-30,4.27
Poland,POL,2020-09-06,7.83
Poland,POL,2020-09-13,10.93
Poland,POL,2020-09-20,14.17
Poland,POL,2020-09-27,10.77
Poland,POL,2020-10-04,10.39
Poland,POL,2020-10-11,21.32
Poland,POL,2020-10-18,32.87
Poland,POL,2020-10-25,62.58
Poland,POL,2020-11-01,93.89
Poland,POL,2020-11-08,116.39
Poland,POL,2020-11-15,107.14
Poland,POL,2020-11-22,94.05
Poland,POL,2020-11-29,77.27
Poland,POL,2020-12-06,62.96
Poland,POL,2020-12-13,51.21
Poland,POL,2020-12-20,43.32
Poland,POL,2020-12-27,43.46
Poland,POL,2021-01-03,34.87
Poland,POL,2021-01-10,18.66
Portugal,PRT,2020-01-05,-10.18
Portugal,PRT,2020-01-12,-5.13
Portugal,PRT,2020-01-19,-3.03
Portugal,PRT,2020-01-26,-5.48
Portugal,PRT,2020-02-02,0.08
Portugal,PRT,2020-02-09,-5.89
Portugal,PRT,2020-02-16,-13.37
Portugal,PRT,2020-02-23,-5.82
Portugal,PRT,2020-03-01,-6.3
Portugal,PRT,2020-03-08,-6.69
Portugal,PRT,2020-03-15,3.76
Portugal,PRT,2020-03-22,10.29
Portugal,PRT,2020-03-29,17.75
Portugal,PRT,2020-04-05,21.45
Portugal,PRT,2020-04-12,23.77
Portugal,PRT,2020-04-19,18.93
Portugal,PRT,2020-04-26,16.2
Portugal,PRT,2020-05-03,10
Portugal,PRT,2020-05-10,13.09
Portugal,PRT,2020-05-17,5.05
Portugal,PRT,2020-05-24,7.93
Portugal,PRT,2020-05-31,21.72
Portugal,PRT,2020-06-07,7.59
Portugal,PRT,2020-06-14,-0.19
Portugal,PRT,2020-06-21,-2.22
Portugal,PRT,2020-06-28,14.54
Portugal,PRT,2020-07-05,13.55
Portugal,PRT,2020-07-12,20.79
Portugal,PRT,2020-07-19,44.09
Portugal,PRT,2020-07-26,31.46
Portugal,PRT,2020-08-02,16.38
Portugal,PRT,2020-08-09,7.67
Portugal,PRT,2020-08-16,5.97
Portugal,PRT,2020-08-23,4.93
Portugal,PRT,2020-08-30,15.45
Portugal,PRT,2020-09-06,11.77
Portugal,PRT,2020-09-13,24.76
Portugal,PRT,2020-09-20,16.3
Portugal,PRT,2020-09-27,1.15
Portugal,PRT,2020-10-04,11.64
Portugal,PRT,2020-10-11,15.01
Portugal,PRT,2020-10-18,13.92
Portugal,PRT,2020-10-25,11.83
Portugal,PRT,2020-11-01,24.28
Portugal,PRT,2020-11-08,25.88
Portugal,PRT,2020-11-15,31.71
Portugal,PRT,2020-11-22,27.35
Portugal,PRT,2020-11-29,21.93
Portugal,PRT,2020-12-06,26.94
Portugal,PRT,2020-12-13,32.26
Portugal,PRT,2020-12-20,21.26
Portugal,PRT,2020-12-27,9.2
Portugal,PRT,2021-01-03,20.63
Portugal,PRT,2021-01-10,30.05
Scotland,,2020-01-05,-8.93
Scotland,,2020-01-12,0.47
Scotland,,2020-01-19,-4.34
Scotland,,2020-01-26,-6.88
Scotland,,2020-02-02,-7.16
Scotland,,2020-02-09,-3.01
Scotland,,2020-02-16,-7.72
Scotland,,2020-02-23,-6.8
Scotland,,2020-03-01,0.53
Scotland,,2020-03-08,-1.68
Scotland,,2020-03-15,2.48
Scotland,,2020-03-22,6.75
Scotland,,2020-03-29,-3.51
Scotland,,2020-04-05,58.78
Scotland,,2020-04-12,79.85
Scotland,,2020-04-19,79.54
Scotland,,2020-04-26,68.94
Scotland,,2020-05-03,55.55
Scotland,,2020-05-10,38.75
Scotland,,2020-05-17,33.55
Scotland,,2020-05-24,17.28
Scotland,,2020-05-31,10.94
Scotland,,2020-06-07,3.5
Scotland,,2020-06-14,3.4
Scotland,,2020-06-21,4.47
Scotland,,2020-06-28,-1.75
Scotland,,2020-07-05,-3.44
Scotland,,2020-07-12,-4.8
Scotland,,2020-07-19,3.69
Scotland,,2020-07-26,-1.68
Scotland,,2020-08-02,4.89
Scotland,,2020-08-09,0.84
Scotland,,2020-08-16,-7.08
Scotland,,2020-08-23,4.68
Scotland,,2020-08-30,4.76
Scotland,,2020-09-06,6.28
Scotland,,2020-09-13,6.05
Scotland,,2020-09-20,-5.42
Scotland,,2020-09-27,-10.84
Scotland,,2020-10-04,15.24
Scotland,,2020-10-11,-0.72
Scotland,,2020-10-18,6.78
Scotland,,2020-10-25,12.79
Scotland,,2020-11-01,16.94
Scotland,,2020-11-08,13.12
Scotland,,2020-11-15,17.45
Scotland,,2020-11-22,20.33
Scotland,,2020-11-29,17.57
Scotland,,2020-12-06,13.72
Scotland,,2020-12-13,3.9
Scotland,,2020-12-20,1.97
Scotland,,2020-12-27,13.61
Scotland,,2021-01-03,11.07
Scotland,,2021-01-10,34.8
Scotland,,2021-01-17,-0.62
Scotland,,2021-01-24,11.65
Slovakia,SVK,2020-01-05,-3.95
Slovakia,SVK,2020-01-12,-4.56
Slovakia,SVK,2020-01-19,-9.5
Slovakia,SVK,2020-01-26,-4.69
Slovakia,SVK,2020-02-02,-5.32
Slovakia,SVK,2020-02-09,-7.74
Slovakia,SVK,2020-02-16,-0.88
Slovakia,SVK,2020-02-23,-8.82
Slovakia,SVK,2020-03-01,-3.58
Slovakia,SVK,2020-03-08,-1.43
Slovakia,SVK,2020-03-15,1.74
Slovakia,SVK,2020-03-22,9.84
Slovakia,SVK,2020-03-29,0.15
Slovakia,SVK,2020-04-05,6.3
Slovakia,SVK,2020-04-12,-4.17
Slovakia,SVK,2020-04-19,-4.76
Slovakia,SVK,2020-04-26,-3.15
Slovakia,SVK,2020-05-03,-1.04
Slovakia,SVK,2020-05-10,5.2
Slovakia,SVK,2020-05-17,3.69
Slovakia,SVK,2020-05-24,-0.79
Slovakia,SVK,2020-05-31,-4.47
Slovakia,SVK,2020-06-07,4.21
Slovakia,SVK,2020-06-14,0.91
Slovakia,SVK,2020-06-21,-5.88
Slovakia,SVK,2020-06-28,0.8
Slovakia,SVK,2020-07-05,4.65
Slovakia,SVK,2020-07-12,3.08
Slovakia,SVK,2020-07-19,-0.04
Slovakia,SVK,2020-07-26,-6.68
Slovakia,SVK,2020-08-02,0.41
Slovakia,SVK,2020-08-09,9.73
Slovakia,SVK,2020-08-16,-0.19
Slovakia,SVK,2020-08-23,2.05
Slovakia,SVK,2020-08-30,6.9
Slovakia,SVK,2020-09-06,1.52
Slovakia,SVK,2020-09-13,8.26
Slovakia,SVK,2020-09-20,-2.07
Slovakia,SVK,2020-09-27,4.52
Slovakia,SVK,2020-10-04,13.3
Slovakia,SVK,2020-10-11,6.87
Slovakia,SVK,2020-10-18,16.59
Slovakia,SVK,2020-10-25,26.84
Slovakia,SVK,2020-11-01,33.63
Slovakia,SVK,2020-11-08,39.95
Slovakia,SVK,2020-11-15,37.63
Slovakia,SVK,2020-11-22,32.69
Slovakia,SVK,2020-11-29,34
Slovenia,SVN,2020-01-05,-5.12
Slovenia,SVN,2020-01-12,-6.62
Slovenia,SVN,2020-01-19,-7.9
Slovenia,SVN,2020-01-26,-4.5
Slovenia,SVN,2020-02-02,-2.75
Slovenia,SVN,2020-02-09,-2.61
Slovenia,SVN,2020-02-16,8.01
Slovenia,SVN,2020-02-23,-3.18
Slovenia,SVN,2020-03-01,-6.44
Slovenia,SVN,2020-03-08,3.18
Slovenia,SVN,2020-03-15,-1.23
Slovenia,SVN,2020-03-22,5.64
Slovenia,SVN,2020-03-29,-8.75
Slovenia,SVN,2020-04-05,-5.08
Slovenia,SVN,2020-04-12,14.7
Slovenia,SVN,2020-04-19,8.47
Slovenia,SVN,2020-04-26,3
Slovenia,SVN,2020-05-03,-2.53
Slovenia,SVN,2020-05-10,5.38
Slovenia,SVN,2020-05-17,-0.51
Slovenia,SVN,2020-05-24,14.25
Slovenia,SVN,2020-05-31,-6.46
Slovenia,SVN,2020-06-07,-0.98
Slovenia,SVN,2020-06-14,10.72
Slovenia,SVN,2020-06-21,7.99
Slovenia,SVN,2020-06-28,24.85
Slovenia,SVN,2020-07-05,4.18
Slovenia,SVN,2020-07-12,-5.81
Slovenia,SVN,2020-07-19,-2.09
Slovenia,SVN,2020-07-26,-0.49
Slovenia,SVN,2020-08-02,9.6
Slovenia,SVN,2020-08-09,4.69
Slovenia,SVN,2020-08-16,10.26
Slovenia,SVN,2020-08-23,-2
Slovenia,SVN,2020-08-30,-6.41
Slovenia,SVN,2020-09-06,10.02
Slovenia,SVN,2020-09-13,8.88
Slovenia,SVN,2020-09-20,16
Slovenia,SVN,2020-09-27,0.74
Slovenia,SVN,2020-10-04,8.68
Slovenia,SVN,2020-10-11,7.91
Slovenia,SVN,2020-10-18,17.81
Slovenia,SVN,2020-10-25,32.51
Slovenia,SVN,2020-11-01,81.99
Slovenia,SVN,2020-11-08,66.13
Slovenia,SVN,2020-11-15,87.82
Slovenia,SVN,2020-11-22,93.18
Slovenia,SVN,2020-11-29,108.65
Slovenia,SVN,2020-12-06,96.91
Slovenia,SVN,2020-12-13,85.66
Slovenia,SVN,2020-12-20,64.78
South Korea,KOR,2020-01-05,5.57
South Korea,KOR,2020-01-12,2.96
South Korea,KOR,2020-01-19,4.84
South Korea,KOR,2020-01-26,7.69
South Korea,KOR,2020-02-02,6.76
South Korea,KOR,2020-02-09,9.67
South Korea,KOR,2020-02-16,5
South Korea,KOR,2020-02-23,0.94
South Korea,KOR,2020-03-01,2.27
South Korea,KOR,2020-03-08,2.57
South Korea,KOR,2020-03-15,3.51
South Korea,KOR,2020-03-22,3.91
South Korea,KOR,2020-03-29,1.84
South Korea,KOR,2020-04-05,0.49
South Korea,KOR,2020-04-12,7.57
South Korea,KOR,2020-04-19,3.97
South Korea,KOR,2020-04-26,3.66
South Korea,KOR,2020-05-03,9.1
South Korea,KOR,2020-05-10,3.08
South Korea,KOR,2020-05-17,0.96
South Korea,KOR,2020-05-24,4.16
South Korea,KOR,2020-05-31,1.12
South Korea,KOR,2020-06-07,8.46
South Korea,KOR,2020-06-14,7.82
South Korea,KOR,2020-06-21,5
South Korea,KOR,2020-06-28,6.09
South Korea,KOR,2020-07-05,6.12
South Korea,KOR,2020-07-12,2.78
South Korea,KOR,2020-07-19,7.54
South Korea,KOR,2020-07-26,6.58
South Korea,KOR,2020-08-02,4.04
South Korea,KOR,2020-08-09,2.92
South Korea,KOR,2020-08-16,11.09
South Korea,KOR,2020-08-23,15.29
South Korea,KOR,2020-08-30,12.77
South Korea,KOR,2020-09-06,6.95
South Korea,KOR,2020-09-13,7.81
South Korea,KOR,2020-09-20,9.19
South Korea,KOR,2020-09-27,7.75
South Korea,KOR,2020-10-04,5.67
South Korea,KOR,2020-10-11,9.08
South Korea,KOR,2020-10-18,5.14
South Korea,KOR,2020-10-25,8.18
South Korea,KOR,2020-11-01,8.42
South Korea,KOR,2020-11-08,7.25
South Korea,KOR,2020-11-15,6.86
South Korea,KOR,2020-11-22,4.77
South Korea,KOR,2020-11-29,0.48
South Korea,KOR,2020-12-06,4.24
Spain,ESP,2020-01-05,-12.26
Spain,ESP,2020-01-12,-9.15
Spain,ESP,2020-01-19,-5.65
Spain,ESP,2020-01-26,-2.4
Spain,ESP,2020-02-02,-1.11
Spain,ESP,2020-02-09,-6.48
Spain,ESP,2020-02-16,-8.58
Spain,ESP,2020-02-23,-10.73
Spain,ESP,2020-03-01,-8.98
Spain,ESP,2020-03-08,-4.93
Spain,ESP,2020-03-15,10.43
Spain,ESP,2020-03-22,54.49
Spain,ESP,2020-03-29,137.89
Spain,ESP,2020-04-05,156.3
Spain,ESP,2020-04-12,115.22
Spain,ESP,2020-04-19,68.99
Spain,ESP,2020-04-26,34.86
Spain,ESP,2020-05-03,18.77
Spain,ESP,2020-05-10,10.74
Spain,ESP,2020-05-17,-0.71
Spain,ESP,2020-05-24,1.51
Spain,ESP,2020-05-31,3.36
Spain,ESP,2020-06-07,-3.89
Spain,ESP,2020-06-14,-7.09
Spain,ESP,2020-06-21,-6.84
Spain,ESP,2020-06-28,0.38
Spain,ESP,2020-07-05,2.68
Spain,ESP,2020-07-12,3.82
Spain,ESP,2020-07-19,3.57
Spain,ESP,2020-07-26,7.86
Spain,ESP,2020-08-02,16.08
Spain,ESP,2020-08-09,15.47
Spain,ESP,2020-08-16,16.39
Spain,ESP,2020-08-23,14.05
Spain,ESP,2020-08-30,15.6
Spain,ESP,2020-09-06,15.22
Spain,ESP,2020-09-13,20.99
Spain,ESP,2020-09-20,19.74
Spain,ESP,2020-09-27,16.54
Spain,ESP,2020-10-04,17.64
Spain,ESP,2020-10-11,22.04
Spain,ESP,2020-10-18,20.65
Spain,ESP,2020-10-25,31.4
Spain,ESP,2020-11-01,30.81
Spain,ESP,2020-11-08,37.63
Spain,ESP,2020-11-15,29.9
Spain,ESP,2020-11-22,24.93
Spain,ESP,2020-11-29,19.97
Spain,ESP,2020-12-06,19.49
Spain,ESP,2020-12-13,13.87
Spain,ESP,2020-12-20,8.99
Spain,ESP,2020-12-27,1.26
Spain,ESP,2021-01-03,3.16
Spain,ESP,2021-01-10,2.03
Spain,ESP,2021-01-17,7.39
Sweden,SWE,2020-01-05,-7.77
Sweden,SWE,2020-01-12,-3
Sweden,SWE,2020-01-19,-5.98
Sweden,SWE,2020-01-26,-10.01
Sweden,SWE,2020-02-02,-2.1
Sweden,SWE,2020-02-09,-8.58
Sweden,SWE,2020-02-16,-5.31
Sweden,SWE,2020-02-23,-10.77
Sweden,SWE,2020-03-01,-10.07
Sweden,SWE,2020-03-08,-4.65
Sweden,SWE,2020-03-15,-8.94
Sweden,SWE,2020-03-22,3.73
Sweden,SWE,2020-03-29,12.05
Sweden,SWE,2020-04-05,32.11
Sweden,SWE,2020-04-12,47.05
Sweden,SWE,2020-04-19,43.37
Sweden,SWE,2020-04-26,33.77
Sweden,SWE,2020-05-03,35.78
Sweden,SWE,2020-05-10,33.28
Sweden,SWE,2020-05-17,26.53
Sweden,SWE,2020-05-24,22.76
Sweden,SWE,2020-05-31,6.02
Sweden,SWE,2020-06-07,13.92
Sweden,SWE,2020-06-14,12.85
Sweden,SWE,2020-06-21,8.7
Sweden,SWE,2020-06-28,7.34
Sweden,SWE,2020-07-05,-0.91
Sweden,SWE,2020-07-12,0.28
Sweden,SWE,2020-07-19,-3.79
Sweden,SWE,2020-07-26,-1.38
Sweden,SWE,2020-08-02,-2.3
Sweden,SWE,2020-08-09,2.71
Sweden,SWE,2020-08-16,-0.69
Sweden,SWE,2020-08-23,2.55
Sweden,SWE,2020-08-30,-6.4
Sweden,SWE,2020-09-06,-3.47
Sweden,SWE,2020-09-13,-1.52
Sweden,SWE,2020-09-20,-3.56
Sweden,SWE,2020-09-27,-1.91
Sweden,SWE,2020-10-04,-5.68
Sweden,SWE,2020-10-11,-6.59
Sweden,SWE,2020-10-18,-0.93
Sweden,SWE,2020-10-25,-6.01
Sweden,SWE,2020-11-01,-0.26
Sweden,SWE,2020-11-08,0.6
Sweden,SWE,2020-11-15,10.55
Sweden,SWE,2020-11-22,19.45
Sweden,SWE,2020-11-29,12.61
Sweden,SWE,2020-12-06,20.21
Sweden,SWE,2020-12-13,20.73
Sweden,SWE,2020-12-20,27.51
Sweden,SWE,2020-12-27,25.63
Sweden,SWE,2021-01-03,27.7
Sweden,SWE,2021-01-10,10.91
Switzerland,CHE,2020-01-05,-10.8
Switzerland,CHE,2020-01-12,-8.08
Switzerland,CHE,2020-01-19,-5.44
Switzerland,CHE,2020-01-26,-3.06
Switzerland,CHE,2020-02-02,-3.2
Switzerland,CHE,2020-02-09,-7.59
Switzerland,CHE,2020-02-16,-8.34
Switzerland,CHE,2020-02-23,-9.35
Switzerland,CHE,2020-03-01,-11.59
Switzerland,CHE,2020-03-08,-6.44
Switzerland,CHE,2020-03-15,0.04
Switzerland,CHE,2020-03-22,13.97
Switzerland,CHE,2020-03-29,26.19
Switzerland,CHE,2020-04-05,44.18
Switzerland,CHE,2020-04-12,32.93
Switzerland,CHE,2020-04-19,27.75
Switzerland,CHE,2020-04-26,14.22
Switzerland,CHE,2020-05-03,1.56
Switzerland,CHE,2020-05-10,-1.59
Switzerland,CHE,2020-05-17,-2.04
Switzerland,CHE,2020-05-24,-1.51
Switzerland,CHE,2020-05-31,-5
Switzerland,CHE,2020-06-07,0.31
Switzerland,CHE,2020-06-14,0.84
Switzerland,CHE,2020-06-21,-2.39
Switzerland,CHE,2020-06-28,-1.49
Switzerland,CHE,2020-07-05,-1.34
Switzerland,CHE,2020-07-12,-1.47
Switzerland,CHE,2020-07-19,-9.25
Switzerland,CHE,2020-07-26,-3.41
Switzerland,CHE,2020-08-02,8.01
Switzerland,CHE,2020-08-09,-0.24
Switzerland,CHE,2020-08-16,5.02
Switzerland,CHE,2020-08-23,2.26
Switzerland,CHE,2020-08-30,-0.1
Switzerland,CHE,2020-09-06,-0.48
Switzerland,CHE,2020-09-13,4.75
Switzerland,CHE,2020-09-20,1.85
Switzerland,CHE,2020-09-27,1.95
Switzerland,CHE,2020-10-04,-1.91
Switzerland,CHE,2020-10-11,5.74
Switzerland,CHE,2020-10-18,1.35
Switzerland,CHE,2020-10-25,18.31
Switzerland,CHE,2020-11-01,32.4
Switzerland,CHE,2020-11-08,60.79
Switzerland,CHE,2020-11-15,62.51
Switzerland,CHE,2020-11-22,62.72
Switzerland,CHE,2020-11-29,51.17
Switzerland,CHE,2020-12-06,50.42
Switzerland,CHE,2020-12-13,41.82
Taiwan,TWN,2020-01-05,4.05
Taiwan,TWN,2020-01-12,3.48
Taiwan,TWN,2020-01-19,1.12
Taiwan,TWN,2020-01-26,2.14
Taiwan,TWN,2020-02-02,5.41
Taiwan,TWN,2020-02-09,6.57
Taiwan,TWN,2020-02-16,0.73
Taiwan,TWN,2020-02-23,-1.46
Taiwan,TWN,2020-03-01,-1.24
Taiwan,TWN,2020-03-08,1.51
Taiwan,TWN,2020-03-15,-8.13
Taiwan,TWN,2020-03-22,1.34
Taiwan,TWN,2020-03-29,-3.99
Taiwan,TWN,2020-04-05,-2.31
Taiwan,TWN,2020-04-12,1.65
Taiwan,TWN,2020-04-19,9.24
Taiwan,TWN,2020-04-26,0.55
Taiwan,TWN,2020-05-03,3.79
Taiwan,TWN,2020-05-10,5.89
Taiwan,TWN,2020-05-17,0.63
Taiwan,TWN,2020-05-24,-5.07
Taiwan,TWN,2020-05-31,-2.76
Taiwan,TWN,2020-06-07,0.25
Taiwan,TWN,2020-06-14,-1.06
Taiwan,TWN,2020-06-21,-2.91
Taiwan,TWN,2020-06-28,0.07
Taiwan,TWN,2020-07-05,-1.68
Taiwan,TWN,2020-07-12,-5.85
Taiwan,TWN,2020-07-19,-0.22
Taiwan,TWN,2020-07-26,-1.3
Taiwan,TWN,2020-08-02,-3.7
Taiwan,TWN,2020-08-09,-5.13
Taiwan,TWN,2020-08-16,-2.03
Taiwan,TWN,2020-08-23,0.33
Taiwan,TWN,2020-08-30,-3.54
Taiwan,TWN,2020-09-06,-1.01
Taiwan,TWN,2020-09-13,-2.37
Taiwan,TWN,2020-09-20,-0.35
Taiwan,TWN,2020-09-27,0.77
United Kingdom,GBR,2020-01-05,34
United Kingdom,GBR,2020-01-12,7
United Kingdom,GBR,2020-01-19,-4
United Kingdom,GBR,2020-01-26,-9
United Kingdom,GBR,2020-02-02,-8
United Kingdom,GBR,2020-02-09,-8
United Kingdom,GBR,2020-02-16,-8
United Kingdom,GBR,2020-02-23,-7
United Kingdom,GBR,2020-03-01,-6
United Kingdom,GBR,2020-03-08,-3
United Kingdom,GBR,2020-03-15,-3
United Kingdom,GBR,2020-03-22,-4
United Kingdom,GBR,2020-03-29,4
United Kingdom,GBR,2020-04-05,66
United Kingdom,GBR,2020-04-12,76
United Kingdom,GBR,2020-04-19,103
United Kingdom,GBR,2020-04-26,108
United Kingdom,GBR,2020-05-03,71
United Kingdom,GBR,2020-05-10,32
United Kingdom,GBR,2020-05-17,46
United Kingdom,GBR,2020-05-24,21
United Kingdom,GBR,2020-05-31,4
United Kingdom,GBR,2020-06-07,22
United Kingdom,GBR,2020-06-14,2
United States,USA,2020-01-05,-0.31
United States,USA,2020-01-12,0.02
United States,USA,2020-01-19,0.26
United States,USA,2020-01-26,1.4
United States,USA,2020-02-02,1.47
United States,USA,2020-02-09,2.29
United States,USA,2020-02-16,1.92
United States,USA,2020-02-23,3.41
United States,USA,2020-03-01,4.52
United States,USA,2020-03-08,4.82
United States,USA,2020-03-15,4.85
United States,USA,2020-03-22,6.49
United States,USA,2020-03-29,14.83
United States,USA,2020-04-05,31.91
United States,USA,2020-04-12,45.3
United States,USA,2020-04-19,43.99
United States,USA,2020-04-26,40.28
United States,USA,2020-05-03,31.47
United States,USA,2020-05-10,28.77
United States,USA,2020-05-17,25.61
United States,USA,2020-05-24,20.33
United States,USA,2020-05-31,17.46
United States,USA,2020-06-07,14.79
United States,USA,2020-06-14,14.16
United States,USA,2020-06-21,14.36
United States,USA,2020-06-28,15.61
United States,USA,2020-07-05,17.78
United States,USA,2020-07-12,22.69
United States,USA,2020-07-19,26.02
United States,USA,2020-07-26,28.62
United States,USA,2020-08-02,28.48
United States,USA,2020-08-09,26.76
United States,USA,2020-08-16,26.97
United States,USA,2020-08-23,25.05
United States,USA,2020-08-30,21.17
United States,USA,2020-09-06,18.67
United States,USA,2020-09-13,16.68
United States,USA,2020-09-20,16.24
United States,USA,2020-09-27,17.19
United States,USA,2020-10-04,12.3
United States,USA,2020-10-11,15.36
United States,USA,2020-10-18,10.88
United States,USA,2020-10-25,13.22
United States,USA,2020-11-01,14.5
United States,USA,2020-11-08,20.7
United States,USA,2020-11-15,21.49
United States,USA,2020-11-22,25.28
United States,USA,2020-11-29,26.23
United States,USA,2020-12-06,29.16
United States,USA,2020-12-13,32.18